album_group,album_type,artists,available_markets,href,id,images,name,release_date,release_date_precision,total_tracks,type,uri,external_urls.spotify
album,album,,,https://api.spotify.com/v1/albums/4DsgJJ5VhknaGjd8CInuXD,4DsgJJ5VhknaGjd8CInuXD,,Laughing with Liza,2023-05-05,day,10,album,spotify:album:4DsgJJ5VhknaGjd8CInuXD,https://open.spotify.com/album/4DsgJJ5VhknaGjd8CInuXD
album,album,,,https://api.spotify.com/v1/albums/6R81KQL9aDneLB1GixHRIH,6R81KQL9aDneLB1GixHRIH,,Divine Symmetry,2022-11-25,day,72,album,spotify:album:6R81KQL9aDneLB1GixHRIH,https://open.spotify.com/album/6R81KQL9aDneLB1GixHRIH
album,album,,,https://api.spotify.com/v1/albums/4bdMmY8jiVxvSOPg2IL0u8,4bdMmY8jiVxvSOPg2IL0u8,,Moonage Daydream – A Brett Morgen Film,2022-09-16,day,45,album,spotify:album:4bdMmY8jiVxvSOPg2IL0u8,https://open.spotify.com/album/4bdMmY8jiVxvSOPg2IL0u8
album,album,,,https://api.spotify.com/v1/albums/1LhosrB0DtRILBMXgILNMh,1LhosrB0DtRILBMXgILNMh,,David Bowie: Live in Chile 1990,2022-06-29,day,21,album,spotify:album:1LhosrB0DtRILBMXgILNMh,https://open.spotify.com/album/1LhosrB0DtRILBMXgILNMh
album,album,,,https://api.spotify.com/v1/albums/05uqcnORTiDNi7AxDIwwxV,05uqcnORTiDNi7AxDIwwxV,,At The Kit Kat Klub (Live New York 99),2021-04-02,day,12,album,spotify:album:05uqcnORTiDNi7AxDIwwxV,https://open.spotify.com/album/05uqcnORTiDNi7AxDIwwxV
album,album,,,https://api.spotify.com/v1/albums/4pnC0csjiPwmrt3Z21tKc3,4pnC0csjiPwmrt3Z21tKc3,,Something In The Air (Live Paris 99),2021-03-12,day,15,album,spotify:album:4pnC0csjiPwmrt3Z21tKc3,https://open.spotify.com/album/4pnC0csjiPwmrt3Z21tKc3
album,album,,,https://api.spotify.com/v1/albums/0cqnZacz49P3vjP6bq3cdj,0cqnZacz49P3vjP6bq3cdj,,Look At The Moon! (Live Phoenix Festival 97),2021-02-12,day,18,album,spotify:album:0cqnZacz49P3vjP6bq3cdj,https://open.spotify.com/album/0cqnZacz49P3vjP6bq3cdj
album,album,,,https://api.spotify.com/v1/albums/5ScPukrNF9Omj4gJBZ0YbV,5ScPukrNF9Omj4gJBZ0YbV,,I'm Only Dancing (The Soul Tour 74) [Live],2020-11-27,day,19,album,spotify:album:5ScPukrNF9Omj4gJBZ0YbV,https://open.spotify.com/album/5ScPukrNF9Omj4gJBZ0YbV
album,album,,,https://api.spotify.com/v1/albums/7B4qOISwglvyQKodBynWBd,7B4qOISwglvyQKodBynWBd,,No Trendy Réchauffé (Live Birmingham 95),2020-11-20,day,15,album,spotify:album:7B4qOISwglvyQKodBynWBd,https://open.spotify.com/album/7B4qOISwglvyQKodBynWBd
album,album,,,https://api.spotify.com/v1/albums/7eMXWxMOHtAoliVQfVpdpl,7eMXWxMOHtAoliVQfVpdpl,,ChangesNowBowie,2020-08-28,day,9,album,spotify:album:7eMXWxMOHtAoliVQfVpdpl,https://open.spotify.com/album/7eMXWxMOHtAoliVQfVpdpl
album,album,,,https://api.spotify.com/v1/albums/2ePgm9LMao9MIx7VWmHQoA,2ePgm9LMao9MIx7VWmHQoA,,Ouvrez Le Chien (Live Dallas 95),2020-07-03,day,16,album,spotify:album:2ePgm9LMao9MIx7VWmHQoA,https://open.spotify.com/album/2ePgm9LMao9MIx7VWmHQoA
album,album,,,https://api.spotify.com/v1/albums/1HKNlpKfSTZkALqVuR2BYC,1HKNlpKfSTZkALqVuR2BYC,,Liveandwell.com (2020 Remaster),2020-05-15,day,12,album,spotify:album:1HKNlpKfSTZkALqVuR2BYC,https://open.spotify.com/album/1HKNlpKfSTZkALqVuR2BYC
album,album,,,https://api.spotify.com/v1/albums/2F90unPwyFwCT7khOMGT2o,2F90unPwyFwCT7khOMGT2o,,Metrobolist (aka The Man Who Sold The World) [2020 Mix],2020,year,9,album,spotify:album:2F90unPwyFwCT7khOMGT2o,https://open.spotify.com/album/2F90unPwyFwCT7khOMGT2o
album,album,,,https://api.spotify.com/v1/albums/6AzBSTH7yHgFMPQRrckpHO,6AzBSTH7yHgFMPQRrckpHO,,The 'Mercury' Demos (with John 'Hutch' Hutchinson),2019-07-05,day,10,album,spotify:album:6AzBSTH7yHgFMPQRrckpHO,https://open.spotify.com/album/6AzBSTH7yHgFMPQRrckpHO
album,album,,,https://api.spotify.com/v1/albums/4SFBFUvZcwR4tSyDTXluOy,4SFBFUvZcwR4tSyDTXluOy,,"Serious Moonlight (Live '83, 2018 Remaster)",2019-02-15,day,21,album,spotify:album:4SFBFUvZcwR4tSyDTXluOy,https://open.spotify.com/album/4SFBFUvZcwR4tSyDTXluOy
album,album,,,https://api.spotify.com/v1/albums/4RwaHr4OuqNDN3jTmZCnnu,4RwaHr4OuqNDN3jTmZCnnu,,Dance,2019-02-15,day,12,album,spotify:album:4RwaHr4OuqNDN3jTmZCnnu,https://open.spotify.com/album/4RwaHr4OuqNDN3jTmZCnnu
album,album,,,https://api.spotify.com/v1/albums/6frjpRu2P0fdF9xSS9stjY,6frjpRu2P0fdF9xSS9stjY,,Glastonbury 2000 (Live),2018-11-30,day,22,album,spotify:album:6frjpRu2P0fdF9xSS9stjY,https://open.spotify.com/album/6frjpRu2P0fdF9xSS9stjY
album,album,,,https://api.spotify.com/v1/albums/0blyxTUATvmwqDcVM0dGt6,0blyxTUATvmwqDcVM0dGt6,,Welcome To The Blackout (Live London '78),2018-04-20,day,24,album,spotify:album:0blyxTUATvmwqDcVM0dGt6,https://open.spotify.com/album/0blyxTUATvmwqDcVM0dGt6
album,album,,,https://api.spotify.com/v1/albums/1m4J3FQcxlHIsPeYfCpbHA,1m4J3FQcxlHIsPeYfCpbHA,,Stage (2017) [Live],2017-09-29,day,22,album,spotify:album:1m4J3FQcxlHIsPeYfCpbHA,https://open.spotify.com/album/1m4J3FQcxlHIsPeYfCpbHA
album,album,,,https://api.spotify.com/v1/albums/5iZ09NPBTbpDziZcMrmjzb,5iZ09NPBTbpDziZcMrmjzb,,"Cracked Actor (Live, Los Angeles '74)",2017-04-22,day,20,album,spotify:album:5iZ09NPBTbpDziZcMrmjzb,https://open.spotify.com/album/5iZ09NPBTbpDziZcMrmjzb
album,album,,,https://api.spotify.com/v1/albums/6rlBjq1AZPbrX0Ivn6lS43,6rlBjq1AZPbrX0Ivn6lS43,,Live In Berlin (1978),2017-02-23,day,8,album,spotify:album:6rlBjq1AZPbrX0Ivn6lS43,https://open.spotify.com/album/6rlBjq1AZPbrX0Ivn6lS43
album,album,,,https://api.spotify.com/v1/albums/0vxg8oJKDu3i0bXQu7vEpi,0vxg8oJKDu3i0bXQu7vEpi,,Blackstar,2016-01-08,day,7,album,spotify:album:0vxg8oJKDu3i0bXQu7vEpi,https://open.spotify.com/album/0vxg8oJKDu3i0bXQu7vEpi
album,album,,,https://api.spotify.com/v1/albums/2BW7T8PojNxH9RPq4WWa6h,2BW7T8PojNxH9RPq4WWa6h,,The Next Day,2013-03-08,day,14,album,spotify:album:2BW7T8PojNxH9RPq4WWa6h,https://open.spotify.com/album/2BW7T8PojNxH9RPq4WWa6h
album,album,,,https://api.spotify.com/v1/albums/6ftJKeuvClf1axwHiVw0KA,6ftJKeuvClf1axwHiVw0KA,,A Reality Tour (Live),2010-01-25,day,35,album,spotify:album:6ftJKeuvClf1axwHiVw0KA,https://open.spotify.com/album/6ftJKeuvClf1axwHiVw0KA
album,album,,,https://api.spotify.com/v1/albums/1pOR2tIMQZ30GNCVz4TkFp,1pOR2tIMQZ30GNCVz4TkFp,,VH1 Storytellers (Live),2009-07-06,day,12,album,spotify:album:1pOR2tIMQZ30GNCVz4TkFp,https://open.spotify.com/album/1pOR2tIMQZ30GNCVz4TkFp
album,album,,,https://api.spotify.com/v1/albums/2Qyno3YYujacEiO5940xXr,2Qyno3YYujacEiO5940xXr,,"Glass Spider (Live Montreal '87, 2018 Remaster)",2007-10-23,day,25,album,spotify:album:2Qyno3YYujacEiO5940xXr,https://open.spotify.com/album/2Qyno3YYujacEiO5940xXr
album,album,,,https://api.spotify.com/v1/albums/13uBd1FnzOOHgWXmcgaYr6,13uBd1FnzOOHgWXmcgaYr6,,Reality,2003-09-15,day,14,album,spotify:album:13uBd1FnzOOHgWXmcgaYr6,https://open.spotify.com/album/13uBd1FnzOOHgWXmcgaYr6
album,album,,,https://api.spotify.com/v1/albums/34Uxe13FFYnUa5rvPYuYFK,34Uxe13FFYnUa5rvPYuYFK,,Heathen,2002-06-10,day,14,album,spotify:album:34Uxe13FFYnUa5rvPYuYFK,https://open.spotify.com/album/34Uxe13FFYnUa5rvPYuYFK
album,album,,,https://api.spotify.com/v1/albums/79EPGP6VA65fDFs4fgFpel,79EPGP6VA65fDFs4fgFpel,,Hours... (Expanded Edition),1999-09-29,day,27,album,spotify:album:79EPGP6VA65fDFs4fgFpel,https://open.spotify.com/album/79EPGP6VA65fDFs4fgFpel
album,album,,,https://api.spotify.com/v1/albums/2jUEXh8KXATTGxJHwoeQsP,2jUEXh8KXATTGxJHwoeQsP,,The Deram Anthology 1966 - 1968,1997-06-09,day,27,album,spotify:album:2jUEXh8KXATTGxJHwoeQsP,https://open.spotify.com/album/2jUEXh8KXATTGxJHwoeQsP
album,album,,,https://api.spotify.com/v1/albums/4yRoLvuzNxFDdodNNrZAEM,4yRoLvuzNxFDdodNNrZAEM,,Earthling (Expanded Edition),1997-01-30,day,22,album,spotify:album:4yRoLvuzNxFDdodNNrZAEM,https://open.spotify.com/album/4yRoLvuzNxFDdodNNrZAEM
album,album,,,https://api.spotify.com/v1/albums/0pUursvGUAgcDiEqYlnZ0q,0pUursvGUAgcDiEqYlnZ0q,,1. Outside (The Nathan Adler Diaries: A Hyper Cycle) [Expanded Edition],1995-09-26,day,33,album,spotify:album:0pUursvGUAgcDiEqYlnZ0q,https://open.spotify.com/album/0pUursvGUAgcDiEqYlnZ0q
album,album,,,https://api.spotify.com/v1/albums/0PRvm4tTSpxANgHnKN5yds,0PRvm4tTSpxANgHnKN5yds,,London Boy,1995-01-01,day,18,album,spotify:album:0PRvm4tTSpxANgHnKN5yds,https://open.spotify.com/album/0PRvm4tTSpxANgHnKN5yds
album,album,,,https://api.spotify.com/v1/albums/2RgLZn9d5JPBTC4dinpLio,2RgLZn9d5JPBTC4dinpLio,,Live in Santa Monica '72,1994-04-25,day,18,album,spotify:album:2RgLZn9d5JPBTC4dinpLio,https://open.spotify.com/album/2RgLZn9d5JPBTC4dinpLio
album,album,,,https://api.spotify.com/v1/albums/1ffVrnHH8i2POp5M7AzEDi,1ffVrnHH8i2POp5M7AzEDi,,Buddha of Suburbia,1993-11-08,day,10,album,spotify:album:1ffVrnHH8i2POp5M7AzEDi,https://open.spotify.com/album/1ffVrnHH8i2POp5M7AzEDi
album,album,,,https://api.spotify.com/v1/albums/329GKhK03PzYbbhaWg9K70,329GKhK03PzYbbhaWg9K70,,Black Tie White Noise (Extras),1993-04-05,day,12,album,spotify:album:329GKhK03PzYbbhaWg9K70,https://open.spotify.com/album/329GKhK03PzYbbhaWg9K70
album,album,,,https://api.spotify.com/v1/albums/1yFItZkb7DBAkQ5RB8OJv9,1yFItZkb7DBAkQ5RB8OJv9,,Black Tie White Noise,1993-04-05,day,12,album,spotify:album:1yFItZkb7DBAkQ5RB8OJv9,https://open.spotify.com/album/1yFItZkb7DBAkQ5RB8OJv9
album,album,,,https://api.spotify.com/v1/albums/4kp6B5rByHOk21LYbmC8r2,4kp6B5rByHOk21LYbmC8r2,,Japan 1992,1992,year,15,album,spotify:album:4kp6B5rByHOk21LYbmC8r2,https://open.spotify.com/album/4kp6B5rByHOk21LYbmC8r2
album,album,,,https://api.spotify.com/v1/albums/106wKTd4duv3VjKzl4dTxo,106wKTd4duv3VjKzl4dTxo,,Peter & The Wolf,1988,year,41,album,spotify:album:106wKTd4duv3VjKzl4dTxo,https://open.spotify.com/album/106wKTd4duv3VjKzl4dTxo
album,album,,,https://api.spotify.com/v1/albums/2cAFLatSCTT698ZTtEa90U,2cAFLatSCTT698ZTtEa90U,,Never Let Me Down [(Remaster) [Japanese Version]],1987-04-20,day,11,album,spotify:album:2cAFLatSCTT698ZTtEa90U,https://open.spotify.com/album/2cAFLatSCTT698ZTtEa90U
album,album,,,https://api.spotify.com/v1/albums/3BLIfiiKINZt4MJ1uDK2wa,3BLIfiiKINZt4MJ1uDK2wa,,Never Let Me Down (2018 Remaster),1987-04-20,day,10,album,spotify:album:3BLIfiiKINZt4MJ1uDK2wa,https://open.spotify.com/album/3BLIfiiKINZt4MJ1uDK2wa
album,album,,,https://api.spotify.com/v1/albums/6cvdkUIC4IdBypl9L5Ae74,6cvdkUIC4IdBypl9L5Ae74,,Labyrinth (From The Original Soundtrack Of The Jim Henson Film),1986-01-01,day,12,album,spotify:album:6cvdkUIC4IdBypl9L5Ae74,https://open.spotify.com/album/6cvdkUIC4IdBypl9L5Ae74
album,album,,,https://api.spotify.com/v1/albums/3NkelzSfQzROagWVnseU5C,3NkelzSfQzROagWVnseU5C,,Tonight (2018 Remaster),1984-09-29,day,9,album,spotify:album:3NkelzSfQzROagWVnseU5C,https://open.spotify.com/album/3NkelzSfQzROagWVnseU5C
album,album,,,https://api.spotify.com/v1/albums/44jkgfcuBri1LuAsdLRlbt,44jkgfcuBri1LuAsdLRlbt,,Ziggy Stardust and the Spiders from Mars (The Motion Picture Soundtrack),1983-10-01,day,18,album,spotify:album:44jkgfcuBri1LuAsdLRlbt,https://open.spotify.com/album/44jkgfcuBri1LuAsdLRlbt
album,album,,,https://api.spotify.com/v1/albums/4NwG11AsDJluT732lSjMrV,4NwG11AsDJluT732lSjMrV,,Let's Dance (2018 Remaster),1983-04-14,day,8,album,spotify:album:4NwG11AsDJluT732lSjMrV,https://open.spotify.com/album/4NwG11AsDJluT732lSjMrV
album,album,,,https://api.spotify.com/v1/albums/1Pz3eps9CpFVp1nNV0TCO2,1Pz3eps9CpFVp1nNV0TCO2,,Montreal 1983,1983,year,28,album,spotify:album:1Pz3eps9CpFVp1nNV0TCO2,https://open.spotify.com/album/1Pz3eps9CpFVp1nNV0TCO2
album,album,,,https://api.spotify.com/v1/albums/5fxvWHvIDPIALfTfRiwyB0,5fxvWHvIDPIALfTfRiwyB0,,Scary Monsters (And Super Creeps) [2017 Remaster],1980,year,10,album,spotify:album:5fxvWHvIDPIALfTfRiwyB0,https://open.spotify.com/album/5fxvWHvIDPIALfTfRiwyB0
album,album,,,https://api.spotify.com/v1/albums/0S5nxDIEprOH23QeDoMeFK,0S5nxDIEprOH23QeDoMeFK,,Lodger (2017 Remaster),1979,year,10,album,spotify:album:0S5nxDIEprOH23QeDoMeFK,https://open.spotify.com/album/0S5nxDIEprOH23QeDoMeFK
album,album,,,https://api.spotify.com/v1/albums/1ZDPe7QlFtKG0nSjHSKaSE,1ZDPe7QlFtKG0nSjHSKaSE,,David Bowie narrates Prokofiev's Peter and the Wolf & The Young Person's Guide to the Orchestra,1978-05-02,day,41,album,spotify:album:1ZDPe7QlFtKG0nSjHSKaSE,https://open.spotify.com/album/1ZDPe7QlFtKG0nSjHSKaSE
album,album,,,https://api.spotify.com/v1/albums/2de6LD7eOW8zrlorbS28na,2de6LD7eOW8zrlorbS28na,,Low (2017 Remaster),1977,year,11,album,spotify:album:2de6LD7eOW8zrlorbS28na,https://open.spotify.com/album/2de6LD7eOW8zrlorbS28na
album,album,,,https://api.spotify.com/v1/albums/4I5zzKYd2SKDgZ9DRf5LVk,4I5zzKYd2SKDgZ9DRf5LVk,,"""Heroes"" (2017 Remaster)",1977,year,10,album,spotify:album:4I5zzKYd2SKDgZ9DRf5LVk,https://open.spotify.com/album/4I5zzKYd2SKDgZ9DRf5LVk
album,album,,,https://api.spotify.com/v1/albums/0MWrKayUshRuT8maG4ZAOU,0MWrKayUshRuT8maG4ZAOU,,Station to Station (2016 Remaster),1976-01-23,day,6,album,spotify:album:0MWrKayUshRuT8maG4ZAOU,https://open.spotify.com/album/0MWrKayUshRuT8maG4ZAOU
album,album,,,https://api.spotify.com/v1/albums/49tQPxVOXs6kdrpxuKhu91,49tQPxVOXs6kdrpxuKhu91,,Live Nassau Coliseum '76,1976,year,15,album,spotify:album:49tQPxVOXs6kdrpxuKhu91,https://open.spotify.com/album/49tQPxVOXs6kdrpxuKhu91
album,album,,,https://api.spotify.com/v1/albums/0lITGovWgaQGi42EfqcE5P,0lITGovWgaQGi42EfqcE5P,,Young Americans (2016 Remaster),1975-03-07,day,8,album,spotify:album:0lITGovWgaQGi42EfqcE5P,https://open.spotify.com/album/0lITGovWgaQGi42EfqcE5P
album,album,,,https://api.spotify.com/v1/albums/57iVS4xHxJlKW3COk2AaIs,57iVS4xHxJlKW3COk2AaIs,,"David Live (2005 Mix, Remastered Version)",1974-10-29,day,21,album,spotify:album:57iVS4xHxJlKW3COk2AaIs,https://open.spotify.com/album/57iVS4xHxJlKW3COk2AaIs
album,album,,,https://api.spotify.com/v1/albums/72mfhbEsMtXR6s7v9UhKe3,72mfhbEsMtXR6s7v9UhKe3,,Diamond Dogs (2016 Remaster),1974-05-24,day,11,album,spotify:album:72mfhbEsMtXR6s7v9UhKe3,https://open.spotify.com/album/72mfhbEsMtXR6s7v9UhKe3
album,album,,,https://api.spotify.com/v1/albums/71nxmbr3tHAVyvdHXc0ltd,71nxmbr3tHAVyvdHXc0ltd,,Pinups (2015 Remaster),1973-10-19,day,12,album,spotify:album:71nxmbr3tHAVyvdHXc0ltd,https://open.spotify.com/album/71nxmbr3tHAVyvdHXc0ltd
album,album,,,https://api.spotify.com/v1/albums/3HZKOk1knxrUU3y5ZIOdbz,3HZKOk1knxrUU3y5ZIOdbz,,Aladdin Sane (2013 Remaster),1973-04-13,day,10,album,spotify:album:3HZKOk1knxrUU3y5ZIOdbz,https://open.spotify.com/album/3HZKOk1knxrUU3y5ZIOdbz
album,album,,,https://api.spotify.com/v1/albums/2jpJVxH5kTzkAATrqXXyHZ,2jpJVxH5kTzkAATrqXXyHZ,,"Ziggy Stardust and the Spiders from Mars: The Motion Picture Soundtrack (Live, 50th Anniversary Edition, 2023 Remaster)",1973,year,20,album,spotify:album:2jpJVxH5kTzkAATrqXXyHZ,https://open.spotify.com/album/2jpJVxH5kTzkAATrqXXyHZ
album,album,,,https://api.spotify.com/v1/albums/48D1hRORqJq52qsnUYZX56,48D1hRORqJq52qsnUYZX56,,The Rise and Fall of Ziggy Stardust and the Spiders from Mars (2012 Remaster),1972-06-06,day,11,album,spotify:album:48D1hRORqJq52qsnUYZX56,https://open.spotify.com/album/48D1hRORqJq52qsnUYZX56
album,album,,,https://api.spotify.com/v1/albums/6fQElzBNTiEMGdIeY0hy5l,6fQElzBNTiEMGdIeY0hy5l,,Hunky Dory (2015 Remaster),1971-12-17,day,11,album,spotify:album:6fQElzBNTiEMGdIeY0hy5l,https://open.spotify.com/album/6fQElzBNTiEMGdIeY0hy5l
album,album,,,https://api.spotify.com/v1/albums/4h9rWFWhgCSSrvIEQ0YhYG,4h9rWFWhgCSSrvIEQ0YhYG,,The Man Who Sold the World (2015 Remaster),1970-11-04,day,9,album,spotify:album:4h9rWFWhgCSSrvIEQ0YhYG,https://open.spotify.com/album/4h9rWFWhgCSSrvIEQ0YhYG
album,album,,,https://api.spotify.com/v1/albums/65k4mhwVwmys3wkc6ZEVr8,65k4mhwVwmys3wkc6ZEVr8,,Space Oddity (2019 Mix),1969-11-14,day,10,album,spotify:album:65k4mhwVwmys3wkc6ZEVr8,https://open.spotify.com/album/65k4mhwVwmys3wkc6ZEVr8
album,album,,,https://api.spotify.com/v1/albums/1ay9Z4R5ZYI2TY7WiDhNYQ,1ay9Z4R5ZYI2TY7WiDhNYQ,,David Bowie (aka Space Oddity) [2015 Remaster],1969-11-04,day,9,album,spotify:album:1ay9Z4R5ZYI2TY7WiDhNYQ,https://open.spotify.com/album/1ay9Z4R5ZYI2TY7WiDhNYQ
album,album,,,https://api.spotify.com/v1/albums/0FjFEuKt6CoUiY73DMdK5N,0FjFEuKt6CoUiY73DMdK5N,,David Bowie,1967-06-01,day,12,album,spotify:album:0FjFEuKt6CoUiY73DMdK5N,https://open.spotify.com/album/0FjFEuKt6CoUiY73DMdK5N
